peptide,reward
MRQQQQQQQQQQQQQQQQNNNNNNNNNNNN,0.9323293331766568
MPGNNNNNNNNQQQQQQQQQQQQQQQQQQQ,0.9285273805074875
MRSSSSSSSSSSSSSSSSDDDDDDDDEEEE,0.9263873299722145
MRNNNNNNNNNNNNNNNNQQQQTTTTTTTT,0.9254538519975447
MRGGGGGGGGAAAAAAAADDDDDDDDSSSS,0.9224674264220013
MPGQQQQQQQQQQQQQQQQQQQQQQQQHHH,0.9221298659202561
MRHHHHHHHHAAAAAAAAAAAAAAAAGGGG,0.9194655932416637
GDDDDDDDDQQQQQQQQQQQQQQQQGGGNN,0.9188900251174044
MPGGGGGGEEEEEEEEQQQQQQQQQQQQQQ,0.9125338110099727
YYSGGGGGGGGAAAAAAAASSSSSSSSSSS,0.9069101852951933
MPGGGGGGGGGAAAAAAAAGGGGGGGGGGS,0.9005092275192551
YYSPPPPPPPPHHHHHHHHQQQQQQQQQQQ,0.8991162409917931
MPGEEEEEEEEEEEEEEEENNNNNNNNNNN,0.8980341863518541
TDAAAAAAAATTTTTTTTDDDDDDDDDDDD,0.8943252303873709
YYSGGGGGGGGPPPPPPPPGGGGGGGGGGG,0.8915564496031838
MRSGGHHHHHHHHGGGGGGGGPPPPDDDDD,0.8898119658888906
IFYEEEEEEEEAAAAAAAAGGGGGGGGGGG,0.8890203447196664
MRDDDDDDDDHHHHHHHHPPPPAAAAAAAA,0.8882799288613238
CNSSSSSSSSSSSSSSSSTTTTTTTTGGGG,0.8854144800773377
IFYHHHHHHHHHHHHPPPPPPPPNNNNNNN,0.8839127549416337
YYSNNNNNNNNNNNNNNNNPPPPPPPPPPP,0.8828434858389539
PFDDDDDDDDGGGGGGGGTTTTHHHHKKKK,0.8811797404545272
APGGGGGGGGDDDDDDDDGGGDDDDDDDDG,0.8809131622446441
PFHHHHHHHHQQQQQQQQQQQQTTTTTTTT,0.8783259200859012
GSSSSSSSSSSSSSSSSPPPPPPPPNNNNN,0.8774521150590577
APQQQQGGGGGAAAAAAAASSSSGGGGGEE,0.8770718972840719
IASSSSSSSSSSSSSSSSQQQQQQQQQQQQ,0.8728178609784888
GLLQQQQQQQQQQTTTTTTTTNNNNNNNNN,0.8722109671107513
IFYHHHHHHHHNNNNNNNNNNNNNNNNHHH,0.8705093093534274
TYNNNNNNNNNNNNNNNNTTTTTTTTSSSS,0.8694697912331099
QIHHHHHHHHNNNNNNNNNNNNTTTTTTTT,0.869231273575262
GNNNNNNNNNNNNNNNNQQQQQQQQQQQQG,0.8665550943732091
IADDDDDDDDHHHHNNNNNNNNNNNNNNNN,0.8647857770943467
IFYHHHHHHHHSSSSSSSSTTTTTTTTAAA,0.863409865049549
TDNNNNNNNNNNNNNNNNHHHHHHHHTTTT,0.8624736384644622
YYSQQQQQQQQQQQQQQQQKKKKTTTTTTT,0.8612784737771059
GQQQQQQQQQQQQGGGGGGGGEEEEGGGGG,0.8596321170857503
MRPPPPPPPPHHHHHHHHDDDDDNNNNNNT,0.856926485785453
PFHHHHHHHHDDDDDDDDDDDSSSSSSSSS,0.8537884196923222
APHHHHHHHHPPPPPPPPQQQQQQTTTTTT,0.8514345923453116
IFYNNNNNNNNNNNNNNNNDDDDDDDDSSS,0.8509900766634734
PFEEEEAAAAAAAATTTTTTTTGGGGGGGG,0.8481605384740482
QIEEEEGGGGGGGGEEEEEEEEPPPPPPPP,0.8467223277477856
TYGGGGGGGGPPPPPPPPAAAAAAAAQQQQ,0.8456221749270927
TDDDDDDDDDDDDDDDDDAAAAAAAAAAAA,0.8441149327228821
QIAAAAAAAANNNNNNNNEEEEEEEEQQQQ,0.8437775954881146
QILLQQQQQQQQQQQQPPPPPPPPEEEEHH,0.8437410670111753
CNGGGGGGGGKKKKNNNNNNQQQQQQQQQQ,0.842842747736067
TDKKKKGGGGGGGGTTTTTTTTGGGGGGGG,0.8426263855264227
PFEEEEEEEETTTTTTTTAAAAAAAAAAAA,0.8415505407625481
TGQPPPPPPPPHHHHKKKKGGGGGGGQQQQ,0.841026272051551
GHHHHHHHHGGGGSSSSSSSSSSSSSSSSE,0.8396832301252395
TDGGGGGGGGGGGGGTTTTTTTTAAAAAAA,0.8388006099208795
CNGGGGGGGGHHHHAAAAAAAAQQQQQQQQ,0.8386611263134387
YYSNNNNNNNNHHHHHHHHKKKKNNNNNNN,0.8382610170272032
CQEEEEEEEEAAAAAAAATTTTTTTTAAAA,0.8357433296149566
CQRDDDDDDDDAAAAAAAAAAAAPPPPPPP,0.8352690421661425
IASSSSSSSSGGGGGGGGDDDDDHHHHHHH,0.8338067087898945
CNPPPPPPPPDDDDDDDDSSSSSSSSSSSS,0.8314034472337924
MPGPPPPPPPPDDDDDQQQQQQQQGGGGGQ,0.8311163395333306
TGQRGGGGGGGGPPPPPPPPNNNNNNNNNN,0.8284269663780817
DWKQQQQQQQQQQQQQQQQEEEEEEEESSS,0.8280088904395307
IFYPPPPPPPPNNNNNNNNNNNNNNNNDDD,0.8272813402311843
QISSSSSSSSSSSSSSSSEEEEEEEEGGGG,0.8270737612356216
PFQQQQQQQQQQQQQQQQNNNNNNNNNNNN,0.8263519255711003
TGQNNNNNNNNNNNNPPPPPPPDDDDDDDD,0.8254883417647775
IAAAAAAAEEEEENNNNNNNNNNNNNNNNS,0.8250664213131069
APHHHHHHHHGGGGGGGGDDDDDTTTTTTT,0.8229195496768285
IAQQQQQQQQQQQQQQQQQAAAAAAAAHHH,0.8216164126097045
QIAAAAAAAADDDSSSSEEEEEEEHHHHHH,0.8215847874921486
CNGGGGGGGGHHHHHHHHGGGGGSSSSSSS,0.8208548512479888
TYSSSSSEEEEEEEEQQQQQQQQAAAAAAA,0.8200455961478839
YVKKKKEEEEEEEEPPPPKKKKEEEEEEEE,0.8191844892477393
APNNNNNNNNNNNNEEEEEPPPPGGGGGDD,0.8189179078402232
APNNNNNNNNNNNNNNNNAAAAAAAAQQQQ,0.817246927605168
TGQEEEEEEEEEEEEEEEEHHHHHHHHDDD,0.8169805558961796
PFQQQQQQQQQQQQQQQQDDDDDDDDNNNN,0.8156148670059545
DWKQQQQQQQQQQQQQQQQNNNNNNNNTTT,0.8153254770552146
GQDDDDDGGGGGGGGHHHHHHHHGGGGGGG,0.8152940376281523
DWKSSSSSSSSSSSSSSSSPPPPPPPPHHH,0.8123793112932973
DWKGGGGGGGGPPPPPPPPGGGGGSSSSDE,0.8123502752999218
IAKKKKAAAAAAAAGGGGGGGSSSSSSSSS,0.8122735642081217
TDGGGGHHHHGGGSSSSSEEEEEEEEPPPP,0.8121910934918907
CQGGGQQQQQQQQQQQQQQQQAAAAAAAAG,0.8119259436482709
DWKGGGGGGGGQQQQSSSSSSSSSDDDDDD,0.8118108150134553
IAQQQQQQQQQQQQQQQQEEEEEEEEGGGA,0.8113568200650678
GQQQQQQQQQQQQNNNNNNNNNNNNNNNNH,0.8097774802698987
TYDDDDDDDDEEEEEEEETTTTTTTTPPPP,0.8096940669224474
PFTTTTTTTTEEEEEEEEEEEEEEEESSSS,0.8050698510623866
IFYEEEEEEEEQQQQDDDDDDDDPPPPPPP,0.8040273643353713
IFYEEEEEEEETTTTTTTTHHHHHHHHGGG,0.8035640494261593
CNPPPPPPPPSSSSSSSSTTTTTTTTTTQQ,0.8024260627550854
TYDDDDDDDDEEEEEEEEDDDDDDDDTTTT,0.8003285642161488
TYEEEEEEEETTTTQQQQQQQQEEEEEEEE,0.7994795778831627
CQEEEEQQQQQQQQQQQQQQQQNNNNNNNN,0.7988830613483358
YVEEEEEEEEPPPPTTTTTTTTHHHHHHHH,0.7984777947702684
IAGGGGGGGGDDDKKKKGGGGGGGGTTTTE,0.7972405041668554
YVNQGGGGGGGGDDDDDDDDGGGGGGGGGG,0.7967675235097881
APGGGGGGGGSSSSSSNNNNNNNNHHHHHH,0.7939019635650814
CQNGGGGGGGGTTTTTTTTSSSSSSSSSSS,0.7929878041193774
YVGGGGGGGGHHHHHHHHHHHHHHHHTTTT,0.7896838428009345
DWKDDDDDDDDSSSSSSSSSSSSSSSSHHH,0.7870946599412214
CQNNNNNNNNNNNNNNNNDDDDSSSSSTTT,0.7848256148121842
YVHHHHHHHHGGGGGGGGSSSSEEEEEEEE,0.7816620258669013
TDQGGGGGGGGGGGGGEEEEEKKKKTTTTT,0.7731698802781647
TDSSSSSSSSHHHHHHHHHHHHHHHHQQQD,0.7724446527417861
CNPPPPDDDDDDDDGGGGGGGGTTTTPPPP,0.7681807896935503
TGQGGGGAAAAAAAAHHHHTTTTTTTTPPP,0.7680948834560544
TGQHHHHHHHHDDDDDDDDTTTTTTTTSRE,0.7648499883861788
TYNNNNNNNNNNNNNNNNGGGEEEEEEEET,0.7639904168397634
DWKDDDDDDDDAAAAAAAATTTTTTTTGGG,0.7612065584774372
CNSFSFSGGDDDDDDDDHHHHHHHHNNNNN,0.7611315016620829
CQAAAAAAAATTTTGGGGGAAAAAAAAPPP,0.7586208640331656
TGQDDDDDDDDSSSSSHHHHHHHHTTTTTT,0.7546818194483971
YYSHHHHHHHHPPPPEEEEGGGGGGGGNAI,0.753543120315498
QIQQQQGGGGGAAAAGGGGGGGGAAAAAAA,0.7530576633460213
TYAAAAAAAADDDHHHHHHHHPPPPPPPPA,0.7506664650231769
TGQSSSSSSSSSSSSSSSSQQQQQQSSSSS,0.7479950104268135
YVSGGPPPPPPPPGGGGGGGGPPPPSGGSK,0.7472003315856423
YYSSFEVNNNNNNNNAAAAAAAATTTTTTT,0.7357907341914929
YVTTTTTTTTSSSSSSSSEEEEEEEETTTT,0.7289470716082139
CQPPPDDDDDDDDPPPSSSSSSTSSSVTRR,0.6639541309836466
YVGGGAAAAAAGGGGGGGGAAAAEVGKSFP,0.6536946640922278
DWKNSSSSSGGGGGRRRRSVTATSHPAVSF,0.5966062744329771
MPGSFSISPSFEMRSSNKNSFRQQSYSVRG,0.4764815708008455
MPGSFSYSTGIEYDCSFRQQSTPAPNAISH,0.4492243018219965
APNSVSTSRTVVKAIDTRSSTGGGKSHTAE,0.43234238392618657
QISFSFSKGIEMSMDALSVSVSKRQQSHTA,0.3837856900784661
